Title,Implementation,Published,Conference/Journal
"<a target=""_blank"" href=""http://arxiv.org/pdf/2309.00233v2"">Object-Centric Multiple Object Tracking</a>","<a target=""_blank"" href=""https://github.com/amazon-science/object-centric-multiple-object-tracking"">CODE</a>",2023-09-01,ICCV
"<a target=""_blank"" href=""http://arxiv.org/pdf/2308.13229v1"">ReST: A Reconfigurable Spatial-Temporal Graph Model for Multi-Camera Multi-Object Tracking</a>","<a target=""_blank"" href=""https://github.com/chengche6230/rest"">CODE</a>",2023-08-25,ICCV
"<a target=""_blank"" href=""http://arxiv.org/pdf/2308.11607v1"">Delving into Motion-Aware Matching for Monocular 3D Object Tracking</a>","<a target=""_blank"" href=""https://github.com/kuanchihhuang/moma-m3t"">CODE</a>",2023-08-22,ICCV
"<a target=""_blank"" href=""http://arxiv.org/pdf/2308.06635v1"">3DMOTFormer: Graph Transformer for Online 3D Multi-Object Tracking</a>","<a target=""_blank"" href=""https://github.com/dsx0511/3dmotformer"">CODE</a>",2023-08-12,ICCV
"<a target=""_blank"" href=""http://arxiv.org/pdf/2307.15700v2"">MeMOTR: Long-Term Memory-Augmented Transformer for Multi-Object Tracking</a>","<a target=""_blank"" href=""https://github.com/mcg-nju/memotr"">CODE</a>",2023-07-28,ICCV
"<a target=""_blank"" href=""http://arxiv.org/pdf/2306.05888v2"">TrajectoryFormer: 3D Object Tracking Transformer with Predictive Trajectory Hypotheses</a>","<a target=""_blank"" href=""https://github.com/poodarchu/efg"">CODE</a>",2023-06-09,ICCV
"<a target=""_blank"" href=""http://arxiv.org/pdf/2202.11983v1"">GIAOTracker: A comprehensive framework for MCMOT with global information and optimizing strategies in VisDrone 2021</a>","<a target=""_blank"" href=""https://github.com/dyhBUPT/GIAOTracker"">CODE</a>",2022-02-24,ICCV
"<a target=""_blank"" href=""http://arxiv.org/pdf/1909.03850v1"">Robust Multi-Modality Multi-Object Tracking</a>","<a target=""_blank"" href=""https://github.com/ZwwWayne/mmMOT"">CODE</a>",2019-09-09,ICCV
"<a target=""_blank"" href=""http://arxiv.org/pdf/2105.10005v4"">Robust Unsupervised Multi-Object Tracking in Noisy Environments</a>","<a target=""_blank"" href=""https://github.com/huckiyang/MOT-Kuzushiji-Fashion-Video"">CODE</a>",2021-05-20,ICIP
"<a target=""_blank"" href=""http://arxiv.org/pdf/2303.17228v1"">Streaming Video Model</a>","<a target=""_blank"" href=""https://github.com/yuzhms/streaming-video-model"">CODE</a>",2023-03-30,CVPR
"<a target=""_blank"" href=""http://arxiv.org/pdf/2303.15904v1"">Mask-Free Video Instance Segmentation</a>","<a target=""_blank"" href=""https://github.com/syscv/maskfreevis"">CODE</a>",2023-03-28,CVPR
"<a target=""_blank"" href=""http://arxiv.org/pdf/2302.03802v2"">Standing Between Past and Future: Spatio-Temporal Modeling for Multi-Camera 3D Multi-Object Tracking</a>","<a target=""_blank"" href=""https://github.com/tri-ml/pf-track"">CODE</a>",2023-02-07,CVPR
"<a target=""_blank"" href=""http://arxiv.org/pdf/2212.03038v2"">Unifying Short and Long-Term Tracking with Graph Hierarchies</a>","<a target=""_blank"" href=""https://github.com/dvl-tum/SUSHI"">CODE</a>",2022-12-06,CVPR
"<a target=""_blank"" href=""http://arxiv.org/pdf/2211.09791v2"">MOTRv2: Bootstrapping End-to-End Multi-Object Tracking by Pretrained Object Detectors</a>","<a target=""_blank"" href=""https://github.com/DanceTrack/DanceTrack"">CODE</a>",2022-11-17,CVPR
"<a target=""_blank"" href=""http://arxiv.org/pdf/2211.06894v1"">Learning from partially labeled data for multi-organ and tumor segmentation</a>","<a target=""_blank"" href=""https://github.com/jianpengz/DoDNet"">CODE</a>",2022-11-13,CVPR
"<a target=""_blank"" href=""http://arxiv.org/pdf/2208.04438v2"">Occlusion-Aware Instance Segmentation via BiLayer Network Architectures</a>","<a target=""_blank"" href=""https://github.com/lkeab/BCNet"">CODE</a>",2022-08-08,CVPR
"<a target=""_blank"" href=""http://arxiv.org/pdf/2203.15175v2"">Unified Transformer Tracker for Object Tracking</a>","<a target=""_blank"" href=""https://github.com/flowerfan/trackron"">CODE</a>",2022-03-29,CVPR
"<a target=""_blank"" href=""http://arxiv.org/pdf/2203.14360v3"">Observation-Centric SORT: Rethinking SORT for Robust Multi-Object Tracking</a>","<a target=""_blank"" href=""https://github.com/PaddlePaddle/PaddleDetection"">CODE</a>",2022-03-27,CVPR
"<a target=""_blank"" href=""http://arxiv.org/pdf/2203.12335v2"">DR.VIC: Decomposition and Reasoning for Video Individual Counting</a>","<a target=""_blank"" href=""https://github.com/taohan10200/drnet"">CODE</a>",2022-03-23,CVPR
"<a target=""_blank"" href=""http://arxiv.org/pdf/2106.06856v1"">DyGLIP: A Dynamic Graph Model with Link Prediction for Accurate Multi-Camera Multiple Object Tracking</a>","<a target=""_blank"" href=""https://github.com/uark-cviu/DyGLIP"">CODE</a>",2021-06-12,CVPR
"<a target=""_blank"" href=""http://arxiv.org/pdf/2104.00380v1"">Online Multiple Object Tracking with Cross-Task Synergy</a>","<a target=""_blank"" href=""https://github.com/songguocode/TADAM"">CODE</a>",2021-04-01,CVPR
"<a target=""_blank"" href=""http://arxiv.org/pdf/2103.16178v1"">Learnable Graph Matching: Incorporating Graph Partitioning with Deep Feature Learning for Multiple Object Tracking</a>","<a target=""_blank"" href=""https://github.com/jiaweihe1996/GMTracker"">CODE</a>",2021-03-30,CVPR
"<a target=""_blank"" href=""http://arxiv.org/pdf/2103.08808v1"">Track to Detect and Segment: An Online Multi-Object Tracker</a>","<a target=""_blank"" href=""https://github.com/JialianW/TraDeS"">CODE</a>",2021-03-16,CVPR
"<a target=""_blank"" href=""http://arxiv.org/pdf/2103.07889v3"">Learning a Proposal Classifier for Multiple Object Tracking</a>","<a target=""_blank"" href=""https://github.com/daip13/LPC_MOT"">CODE</a>",2021-03-14,CVPR
"<a target=""_blank"" href=""http://arxiv.org/pdf/2102.02267v2"">DEFT: Detection Embeddings for Tracking</a>","<a target=""_blank"" href=""https://github.com/MedChaabane/DEFT"">CODE</a>",2021-02-03,CVPR
"<a target=""_blank"" href=""http://arxiv.org/pdf/2007.01549v1"">PointTrack++ for Effective Online Multi-Object Tracking and Segmentation</a>","<a target=""_blank"" href=""https://github.com/detectRecog/PointTrack"">CODE</a>",2020-07-03,CVPR
"<a target=""_blank"" href=""http://arxiv.org/pdf/2006.07327v1"">GNN3DMOT: Graph Neural Network for 3D Multi-Object Tracking with Multi-Feature Learning</a>","<a target=""_blank"" href=""https://github.com/xinshuoweng/GNN3DMOT"">CODE</a>",2020-06-12,CVPR
"<a target=""_blank"" href=""http://arxiv.org/pdf/2006.06664v4"">Quasi-Dense Similarity Learning for Multiple Object Tracking</a>","<a target=""_blank"" href=""https://github.com/SysCV/qdtrack"">CODE</a>",2020-06-11,CVPR
"<a target=""_blank"" href=""http://arxiv.org/pdf/2006.05683v1"">TubeTK: Adopting Tubes to Track Multi-Object in a One-Step Training Model</a>","<a target=""_blank"" href=""https://github.com/BoPang1996/TubeTK"">CODE</a>",2020-06-10,CVPR
"<a target=""_blank"" href=""http://arxiv.org/pdf/2003.11291v2"">A Unified Object Motion and Affinity Model for Online Multi-Object Tracking</a>","<a target=""_blank"" href=""https://github.com/yinjunbo/UMA-MOT"">CODE</a>",2020-03-25,CVPR
"<a target=""_blank"" href=""http://arxiv.org/pdf/2003.09003v1"">MOT20: A benchmark for multi object tracking in crowded scenes</a>","<a target=""_blank"" href=""https://github.com/PaddlePaddle/PaddleDetection"">CODE</a>",2020-03-19,CVPR
"<a target=""_blank"" href=""http://arxiv.org/pdf/1912.07515v2"">Learning a Neural Solver for Multiple Object Tracking</a>","<a target=""_blank"" href=""https://github.com/dvl-tum/mot_neural_solver"">CODE</a>",2019-12-16,CVPR
"<a target=""_blank"" href=""http://arxiv.org/pdf/2212.14750v2"">Unsupervised 4D LiDAR Moving Object Segmentation in Stationary Settings with Multivariate Occupancy Time Series</a>","<a target=""_blank"" href=""https://github.com/thkreutz/umosmots"">CODE</a>",2022-12-30,WACV
"<a target=""_blank"" href=""http://arxiv.org/pdf/1909.11944v2"">Multiple Object Forecasting: Predicting Future Object Locations in Diverse Environments</a>","<a target=""_blank"" href=""https://github.com/olly-styles/Multiple-Object-Forecasting"">CODE</a>",2019-09-26,WACV
"<a target=""_blank"" href=""http://arxiv.org/pdf/2212.03586v1"">Multiple Object Tracking Challenge Technical Report for Team MT_IoT</a>","<a target=""_blank"" href=""https://github.com/BingfengYan/DS_OCSORT"">CODE</a>",2022-12-07,ECCV
"<a target=""_blank"" href=""http://arxiv.org/pdf/2207.14012v1"">Video Mask Transfiner for High-Quality Video Instance Segmentation</a>","<a target=""_blank"" href=""https://github.com/SysCV/vmt"">CODE</a>",2022-07-28,ECCV
"<a target=""_blank"" href=""http://arxiv.org/pdf/2207.12978v1"">Tracking Every Thing in the Wild</a>","<a target=""_blank"" href=""https://github.com/SysCV/tet"">CODE</a>",2022-07-26,ECCV
"<a target=""_blank"" href=""http://arxiv.org/pdf/2207.09295v1"">The Caltech Fish Counting Dataset: A Benchmark for Multiple-Object Tracking and Counting</a>","<a target=""_blank"" href=""https://github.com/visipedia/caltech-fish-counting"">CODE</a>",2022-07-19,ECCV
"<a target=""_blank"" href=""http://arxiv.org/pdf/2207.07078v4"">Towards Grand Unification of Object Tracking</a>","<a target=""_blank"" href=""https://github.com/masterbin-iiau/unicorn"">CODE</a>",2022-07-14,ECCV
"<a target=""_blank"" href=""http://arxiv.org/pdf/2207.05518v2"">Tracking Objects as Pixel-wise Distributions</a>","<a target=""_blank"" href=""https://github.com/dvlab-research/eccv22-p3aformer-tracking-objects-as-pixel-wise-distributions"">CODE</a>",2022-07-12,ECCV
"<a target=""_blank"" href=""http://arxiv.org/pdf/2105.03247v4"">MOTR: End-to-End Multiple-Object Tracking with Transformer</a>","<a target=""_blank"" href=""https://github.com/megvii-research/motr"">CODE</a>",2021-05-07,ECCV
"<a target=""_blank"" href=""http://arxiv.org/pdf/2008.06698v1"">Curriculum Learning for Recurrent Video Object Segmentation</a>","<a target=""_blank"" href=""https://github.com/imatge-upc/rvos-mots"">CODE</a>",2020-08-15,ECCV
"<a target=""_blank"" href=""http://arxiv.org/pdf/2007.01550v1"">Segment as Points for Efficient Online Multi-Object Tracking and Segmentation</a>","<a target=""_blank"" href=""https://github.com/detectRecog/PointTrack"">CODE</a>",2020-07-03,ECCV
"<a target=""_blank"" href=""http://arxiv.org/pdf/1909.12605v2"">Towards Real-Time Multi-Object Tracking</a>","<a target=""_blank"" href=""https://github.com/PaddlePaddle/PaddleDetection"">CODE</a>",2019-09-27,ECCV
"<a target=""_blank"" href=""http://arxiv.org/pdf/1902.00749v1"">Online Multi-Object Tracking with Dual Matching Attention Networks</a>","<a target=""_blank"" href=""https://github.com/jizhu1023/DMAN_MOT"">CODE</a>",2019-02-02,ECCV
"<a target=""_blank"" href=""http://arxiv.org/pdf/2210.16572v1"">SearchTrack: Multiple Object Tracking with Object-Customized Search and Motion-Aware Features</a>","<a target=""_blank"" href=""https://github.com/qa276390/searchtrack"">CODE</a>",2022-10-29,BMVC
"<a target=""_blank"" href=""http://arxiv.org/pdf/2210.03355v1"">Multiple Object Tracking from appearance by hierarchically clustering tracklets</a>","<a target=""_blank"" href=""https://github.com/nii-satoh-lab/mot_fcg"">CODE</a>",2022-10-07,BMVC
"<a target=""_blank"" href=""http://arxiv.org/pdf/2006.14550v1"">Lifted Disjoint Paths with Application in Multiple Object Tracking</a>","<a target=""_blank"" href=""https://github.com/AndreaHor/LifT_Solver"">CODE</a>",2020-06-25,ICML
